title,url
Python 工匠：使用数字与字符串的技巧,http://python.jobbole.com/89331/
为什么 Python 这么慢？,http://python.jobbole.com/89328/
wxPython：python 首选的 GUI 库,http://python.jobbole.com/89319/
网易云音乐评论爬虫（2）：歌曲的全部评论,http://python.jobbole.com/89316/
网易云音乐评论爬虫(1)：全部热门歌曲及其 id 号,http://python.jobbole.com/89313/
数学建模三剑客 MSN,http://python.jobbole.com/89309/
简化 Django 开发的八个 Python 包,http://python.jobbole.com/89305/
3 个用于数据科学的顶级 Python 库,http://python.jobbole.com/89302/
让 Python 代码更易维护的七种武器,http://python.jobbole.com/89297/
Python 中的 Socket 编程（指南）,http://python.jobbole.com/89290/
8 个用于业余项目的优秀 Python 库,http://python.jobbole.com/89287/
API Star：一个 Python 3 的 API 框架,http://python.jobbole.com/89279/
使用 VS Code 进行 Python 编程,http://python.jobbole.com/89275/
Python 调试器入门,http://python.jobbole.com/89272/
Python 中字符串拼接的 N 种方法,http://python.jobbole.com/89250/
Python 核心开发者解释为何 Python 4.0 不会像 3.0 一样,http://python.jobbole.com/89267/
示例解读 Python 2 和 Python 3 之间的主要差异,http://python.jobbole.com/89263/
盘点 Python 的目标受众,http://python.jobbole.com/89258/
鲜为人知的 Python 语法,http://python.jobbole.com/89252/
想学习区块链？那就用 Python 构建一个,http://python.jobbole.com/89246/
《经济学人》也谈 Python：它会是我们的未来吗？,http://python.jobbole.com/89243/
日常 Python 编程优雅之道,http://python.jobbole.com/89238/
为什么 Python 开发人员应该使用 Pipenv,http://python.jobbole.com/89235/
Python 字节码介绍,http://python.jobbole.com/89232/
用 Python 分析了 20 万场吃鸡数据,http://python.jobbole.com/89209/
爬虫进阶：反反爬虫技巧,http://python.jobbole.com/89196/
用 Python 实现模拟登录正方教务系统抢课,http://python.jobbole.com/89192/
3 个 Python 模板库比较,http://python.jobbole.com/89187/
更深入的理解 Python 中的迭代,http://python.jobbole.com/89181/
6 个 Python 的日期时间库,http://python.jobbole.com/89178/
Python 项目可以有多大,http://python.jobbole.com/89175/
使用交互式 shell 来增强你的 Python,http://python.jobbole.com/89169/
5 个用 Python 编写 web 爬虫的方法,http://python.jobbole.com/89164/
爬取豆瓣短评之《后来的我们》,http://python.jobbole.com/89161/
手把手教你写网络爬虫（8）：彻底解决乱码问题,http://python.jobbole.com/89138/
手把手教你写网络爬虫（7）：URL去重,http://python.jobbole.com/89140/
手把手教你写网络爬虫（6）：分布式爬虫,http://python.jobbole.com/89137/
用 Plumbum 开发 Python 命令行工具,http://python.jobbole.com/89132/
手把手教你写网络爬虫（5）：PhantomJS实战,http://python.jobbole.com/89123/
手把手教你写网络爬虫（4）：Scrapy入门,http://python.jobbole.com/89122/
手把手教你写网络爬虫（3）：开源爬虫框架对比,http://python.jobbole.com/89095/
"一行代码蒸发了¥6,447,277,680 人民币！",http://python.jobbole.com/89105/
手把手教你写网络爬虫（1）：网易云音乐歌单,http://python.jobbole.com/89091/
手把手教你写网络爬虫（2）：迷你爬虫架构,http://python.jobbole.com/89094/
Python 数据处理库 pandas 进阶教程,http://python.jobbole.com/89081/
Python 数据处理库 pandas 入门教程,http://python.jobbole.com/89084/
Python 绘图库 Matplotlib 入门教程,http://python.jobbole.com/89077/
用 Python 编写的 Python 解释器,http://python.jobbole.com/89074/
Python 工匠：编写条件分支代码的技巧,http://python.jobbole.com/89060/
5 种使用 Python 代码轻松实现数据可视化的方法,http://python.jobbole.com/89046/
用 Python 构建一个极小的区块链,http://python.jobbole.com/89041/
愉快地迁移到 Python 3,http://python.jobbole.com/89031/
一篇文章教你如何用 Python 记录日志,http://python.jobbole.com/89007/
实现属于自己的TensorFlow(二) - 梯度计算与反向传播,http://python.jobbole.com/89012/
15 分钟用 ML 破解一个验证码系统,http://python.jobbole.com/89004/
实现属于自己的TensorFlow(1)：计算图与前向传播,http://python.jobbole.com/88998/
码农不识贝叶斯，虽知数据也枉然,http://python.jobbole.com/88318/
使用 Python 开始机器学习,http://python.jobbole.com/88705/
Ruby 和 Python 分析器是如何工作的？,http://python.jobbole.com/88977/
Python Django 性能测试与优化指南,http://python.jobbole.com/88971/
不想再被鄙视？那就看进来！ 一文搞懂Python2字符编码,http://python.jobbole.com/88967/
让 Python 更加充分的使用 Sqlite3,http://python.jobbole.com/88954/
Python 开发者的 6 个必备库,http://python.jobbole.com/88958/
从 Zero 到 Hero ，一文掌握 Python,http://python.jobbole.com/88940/
深入理解 Python 的属性查找,http://python.jobbole.com/88937/
Python 性能优化,http://python.jobbole.com/88926/
用 Python 实现一个大数据搜索引擎,http://python.jobbole.com/88921/
疏而不漏：随机森林,http://python.jobbole.com/88884/
Pandas初学者代码优化指南,http://python.jobbole.com/88915/
差评近一半，用 Python 分析胡歌的《猎场》到底值不值得看？,http://python.jobbole.com/88912/
用不到 50 行的 Python 代码构建最小的区块链,http://python.jobbole.com/88907/
动态语言的灵活性是把双刃剑 －－ 以 Python 语言为例,http://python.jobbole.com/88901/
Python 内存优化,http://python.jobbole.com/88896/
曲线点抽稀算法- Python 实现,http://python.jobbole.com/88892/
探索 Php 和 Python 下对象的深拷贝和浅拷贝,http://python.jobbole.com/88889/
Python NLP入门教程,http://python.jobbole.com/88874/
三生万物：决策树,http://python.jobbole.com/88858/
Jupyter 常见可视化框架选择,http://python.jobbole.com/88862/
Numpy 小结,http://python.jobbole.com/88860/
走近 Python (类比 JS ),http://python.jobbole.com/88850/
Perl 与 Python 之间的一些异同,http://python.jobbole.com/88845/
使用 Python 在 Linux 上实现一键回归测试,http://python.jobbole.com/88842/
使用 GC、Objgraph 干掉 Python 内存泄露与循环引用！,http://python.jobbole.com/88827/
机器学习算法实践-树回归,http://python.jobbole.com/88822/
机器学习算法实践-岭回归和LASSO,http://python.jobbole.com/88799/
两句话掌握 Python 最难知识点——元类,http://python.jobbole.com/88795/
Python 和 SQL Server 2017 的强大功能,http://python.jobbole.com/88772/
Python 为什么说 Eval 要慎用？使用 Eval 带来的潜在风险？什么情况下使用 Eval？,http://python.jobbole.com/88767/
Python 静态方法和类方法的区别,http://python.jobbole.com/88765/
机器学习算法实践-标准与局部加权线性回归,http://python.jobbole.com/88747/
《流畅的 Python 》阅读笔记,http://python.jobbole.com/88735/
Python Re模块,http://python.jobbole.com/88729/
Python数据分析 - Numpy,http://python.jobbole.com/88726/
基于概率论的分类方法：朴素贝叶斯,http://python.jobbole.com/88717/
这 6 段代码，成就了如今的深度学习,http://python.jobbole.com/88713/
机器学习算法实践-Platt SMO和遗传算法优化SVM,http://python.jobbole.com/88706/
Python Metaclass 初探,http://python.jobbole.com/88703/
Bottle 框架中的装饰器类和描述符应用,http://python.jobbole.com/88701/
Django vs SQLAlchemy：哪个 Python ORM 更好,http://python.jobbole.com/88672/
最令人头疼的Python问题,http://python.jobbole.com/88673/
